<?xml version="1.0" encoding="UTF-8" standalone="no"?><TOKENSTREAM><TOK><ID>1</ID><CLASS>MAIN</CLASS><WORD>main</WORD></TOK><TOK><ID>2</ID><CLASS>BEGIN</CLASS><WORD>begin</WORD></TOK><TOK><ID>3</ID><CLASS>VNAME</CLASS><WORD>V_x1</WORD></TOK><TOK><ID>4</ID><CLASS>EQUALS</CLASS><WORD>=</WORD></TOK><TOK><ID>5</ID><CLASS>SEMICOLON</CLASS><WORD>;</WORD></TOK><TOK><ID>6</ID><CLASS>PRINT</CLASS><WORD>print</WORD></TOK><TOK><ID>7</ID><CLASS>VNAME</CLASS><WORD>V_x1</WORD></TOK><TOK><ID>8</ID><CLASS>SEMICOLON</CLASS><WORD>;</WORD></TOK><TOK><ID>9</ID><CLASS>END</CLASS><WORD>end</WORD></TOK></TOKENSTREAM>